image_id,split,image_path,mask_path
1000,experiment,experiment/1000_image.png,experiment/1000_mask.png
100,experiment,experiment/100_image.png,experiment/100_mask.png
101,experiment,experiment/101_image.png,experiment/101_mask.png
102,experiment,experiment/102_image.png,experiment/102_mask.png
103,experiment,experiment/103_image.png,experiment/103_mask.png
104,experiment,experiment/104_image.png,experiment/104_mask.png
105,experiment,experiment/105_image.png,experiment/105_mask.png
106,experiment,experiment/106_image.png,experiment/106_mask.png
107,experiment,experiment/107_image.png,experiment/107_mask.png
108,experiment,experiment/108_image.png,experiment/108_mask.png
109,experiment,experiment/109_image.png,experiment/109_mask.png
10,experiment,experiment/10_image.png,experiment/10_mask.png
110,experiment,experiment/110_image.png,experiment/110_mask.png
111,experiment,experiment/111_image.png,experiment/111_mask.png
112,experiment,experiment/112_image.png,experiment/112_mask.png
113,experiment,experiment/113_image.png,experiment/113_mask.png
114,experiment,experiment/114_image.png,experiment/114_mask.png
115,experiment,experiment/115_image.png,experiment/115_mask.png
116,experiment,experiment/116_image.png,experiment/116_mask.png
117,experiment,experiment/117_image.png,experiment/117_mask.png
118,experiment,experiment/118_image.png,experiment/118_mask.png
119,experiment,experiment/119_image.png,experiment/119_mask.png
11,experiment,experiment/11_image.png,experiment/11_mask.png
120,experiment,experiment/120_image.png,experiment/120_mask.png
121,experiment,experiment/121_image.png,experiment/121_mask.png
122,experiment,experiment/122_image.png,experiment/122_mask.png
123,experiment,experiment/123_image.png,experiment/123_mask.png
124,experiment,experiment/124_image.png,experiment/124_mask.png
125,experiment,experiment/125_image.png,experiment/125_mask.png
126,experiment,experiment/126_image.png,experiment/126_mask.png
127,experiment,experiment/127_image.png,experiment/127_mask.png
128,experiment,experiment/128_image.png,experiment/128_mask.png
129,experiment,experiment/129_image.png,experiment/129_mask.png
12,experiment,experiment/12_image.png,experiment/12_mask.png
130,experiment,experiment/130_image.png,experiment/130_mask.png
131,experiment,experiment/131_image.png,experiment/131_mask.png
132,experiment,experiment/132_image.png,experiment/132_mask.png
133,experiment,experiment/133_image.png,experiment/133_mask.png
134,experiment,experiment/134_image.png,experiment/134_mask.png
135,experiment,experiment/135_image.png,experiment/135_mask.png
136,experiment,experiment/136_image.png,experiment/136_mask.png
137,experiment,experiment/137_image.png,experiment/137_mask.png
138,experiment,experiment/138_image.png,experiment/138_mask.png
139,experiment,experiment/139_image.png,experiment/139_mask.png
13,experiment,experiment/13_image.png,experiment/13_mask.png
140,experiment,experiment/140_image.png,experiment/140_mask.png
141,experiment,experiment/141_image.png,experiment/141_mask.png
142,experiment,experiment/142_image.png,experiment/142_mask.png
143,experiment,experiment/143_image.png,experiment/143_mask.png
144,experiment,experiment/144_image.png,experiment/144_mask.png
145,experiment,experiment/145_image.png,experiment/145_mask.png
146,experiment,experiment/146_image.png,experiment/146_mask.png
147,experiment,experiment/147_image.png,experiment/147_mask.png
148,experiment,experiment/148_image.png,experiment/148_mask.png
149,experiment,experiment/149_image.png,experiment/149_mask.png
14,experiment,experiment/14_image.png,experiment/14_mask.png
150,experiment,experiment/150_image.png,experiment/150_mask.png
151,experiment,experiment/151_image.png,experiment/151_mask.png
152,experiment,experiment/152_image.png,experiment/152_mask.png
153,experiment,experiment/153_image.png,experiment/153_mask.png
154,experiment,experiment/154_image.png,experiment/154_mask.png
155,experiment,experiment/155_image.png,experiment/155_mask.png
156,experiment,experiment/156_image.png,experiment/156_mask.png
157,experiment,experiment/157_image.png,experiment/157_mask.png
158,experiment,experiment/158_image.png,experiment/158_mask.png
159,experiment,experiment/159_image.png,experiment/159_mask.png
15,experiment,experiment/15_image.png,experiment/15_mask.png
160,experiment,experiment/160_image.png,experiment/160_mask.png
161,experiment,experiment/161_image.png,experiment/161_mask.png
162,experiment,experiment/162_image.png,experiment/162_mask.png
163,experiment,experiment/163_image.png,experiment/163_mask.png
164,experiment,experiment/164_image.png,experiment/164_mask.png
165,experiment,experiment/165_image.png,experiment/165_mask.png
166,experiment,experiment/166_image.png,experiment/166_mask.png
167,experiment,experiment/167_image.png,experiment/167_mask.png
168,experiment,experiment/168_image.png,experiment/168_mask.png
169,experiment,experiment/169_image.png,experiment/169_mask.png
16,experiment,experiment/16_image.png,experiment/16_mask.png
170,experiment,experiment/170_image.png,experiment/170_mask.png
171,experiment,experiment/171_image.png,experiment/171_mask.png
172,experiment,experiment/172_image.png,experiment/172_mask.png
173,experiment,experiment/173_image.png,experiment/173_mask.png
174,experiment,experiment/174_image.png,experiment/174_mask.png
175,experiment,experiment/175_image.png,experiment/175_mask.png
176,experiment,experiment/176_image.png,experiment/176_mask.png
177,experiment,experiment/177_image.png,experiment/177_mask.png
178,experiment,experiment/178_image.png,experiment/178_mask.png
179,experiment,experiment/179_image.png,experiment/179_mask.png
17,experiment,experiment/17_image.png,experiment/17_mask.png
180,experiment,experiment/180_image.png,experiment/180_mask.png
181,experiment,experiment/181_image.png,experiment/181_mask.png
182,experiment,experiment/182_image.png,experiment/182_mask.png
183,experiment,experiment/183_image.png,experiment/183_mask.png
184,experiment,experiment/184_image.png,experiment/184_mask.png
185,experiment,experiment/185_image.png,experiment/185_mask.png
186,experiment,experiment/186_image.png,experiment/186_mask.png
187,experiment,experiment/187_image.png,experiment/187_mask.png
188,experiment,experiment/188_image.png,experiment/188_mask.png
189,experiment,experiment/189_image.png,experiment/189_mask.png
18,experiment,experiment/18_image.png,experiment/18_mask.png
190,experiment,experiment/190_image.png,experiment/190_mask.png
191,experiment,experiment/191_image.png,experiment/191_mask.png
192,experiment,experiment/192_image.png,experiment/192_mask.png
193,experiment,experiment/193_image.png,experiment/193_mask.png
194,experiment,experiment/194_image.png,experiment/194_mask.png
195,experiment,experiment/195_image.png,experiment/195_mask.png
196,experiment,experiment/196_image.png,experiment/196_mask.png
197,experiment,experiment/197_image.png,experiment/197_mask.png
198,experiment,experiment/198_image.png,experiment/198_mask.png
199,experiment,experiment/199_image.png,experiment/199_mask.png
19,experiment,experiment/19_image.png,experiment/19_mask.png
1,experiment,experiment/1_image.png,experiment/1_mask.png
200,experiment,experiment/200_image.png,experiment/200_mask.png
201,experiment,experiment/201_image.png,experiment/201_mask.png
202,experiment,experiment/202_image.png,experiment/202_mask.png
203,experiment,experiment/203_image.png,experiment/203_mask.png
204,experiment,experiment/204_image.png,experiment/204_mask.png
205,experiment,experiment/205_image.png,experiment/205_mask.png
206,experiment,experiment/206_image.png,experiment/206_mask.png
207,experiment,experiment/207_image.png,experiment/207_mask.png
208,experiment,experiment/208_image.png,experiment/208_mask.png
209,experiment,experiment/209_image.png,experiment/209_mask.png
20,experiment,experiment/20_image.png,experiment/20_mask.png
210,experiment,experiment/210_image.png,experiment/210_mask.png
211,experiment,experiment/211_image.png,experiment/211_mask.png
212,experiment,experiment/212_image.png,experiment/212_mask.png
213,experiment,experiment/213_image.png,experiment/213_mask.png
214,experiment,experiment/214_image.png,experiment/214_mask.png
215,experiment,experiment/215_image.png,experiment/215_mask.png
216,experiment,experiment/216_image.png,experiment/216_mask.png
217,experiment,experiment/217_image.png,experiment/217_mask.png
218,experiment,experiment/218_image.png,experiment/218_mask.png
219,experiment,experiment/219_image.png,experiment/219_mask.png
21,experiment,experiment/21_image.png,experiment/21_mask.png
220,experiment,experiment/220_image.png,experiment/220_mask.png
221,experiment,experiment/221_image.png,experiment/221_mask.png
222,experiment,experiment/222_image.png,experiment/222_mask.png
223,experiment,experiment/223_image.png,experiment/223_mask.png
224,experiment,experiment/224_image.png,experiment/224_mask.png
225,experiment,experiment/225_image.png,experiment/225_mask.png
226,experiment,experiment/226_image.png,experiment/226_mask.png
227,experiment,experiment/227_image.png,experiment/227_mask.png
228,experiment,experiment/228_image.png,experiment/228_mask.png
229,experiment,experiment/229_image.png,experiment/229_mask.png
22,experiment,experiment/22_image.png,experiment/22_mask.png
230,experiment,experiment/230_image.png,experiment/230_mask.png
231,experiment,experiment/231_image.png,experiment/231_mask.png
232,experiment,experiment/232_image.png,experiment/232_mask.png
233,experiment,experiment/233_image.png,experiment/233_mask.png
234,experiment,experiment/234_image.png,experiment/234_mask.png
235,experiment,experiment/235_image.png,experiment/235_mask.png
236,experiment,experiment/236_image.png,experiment/236_mask.png
237,experiment,experiment/237_image.png,experiment/237_mask.png
238,experiment,experiment/238_image.png,experiment/238_mask.png
239,experiment,experiment/239_image.png,experiment/239_mask.png
23,experiment,experiment/23_image.png,experiment/23_mask.png
240,experiment,experiment/240_image.png,experiment/240_mask.png
241,experiment,experiment/241_image.png,experiment/241_mask.png
242,experiment,experiment/242_image.png,experiment/242_mask.png
243,experiment,experiment/243_image.png,experiment/243_mask.png
244,experiment,experiment/244_image.png,experiment/244_mask.png
245,experiment,experiment/245_image.png,experiment/245_mask.png
246,experiment,experiment/246_image.png,experiment/246_mask.png
247,experiment,experiment/247_image.png,experiment/247_mask.png
248,experiment,experiment/248_image.png,experiment/248_mask.png
249,experiment,experiment/249_image.png,experiment/249_mask.png
24,experiment,experiment/24_image.png,experiment/24_mask.png
250,experiment,experiment/250_image.png,experiment/250_mask.png
251,experiment,experiment/251_image.png,experiment/251_mask.png
252,experiment,experiment/252_image.png,experiment/252_mask.png
253,experiment,experiment/253_image.png,experiment/253_mask.png
254,experiment,experiment/254_image.png,experiment/254_mask.png
255,experiment,experiment/255_image.png,experiment/255_mask.png
256,experiment,experiment/256_image.png,experiment/256_mask.png
257,experiment,experiment/257_image.png,experiment/257_mask.png
258,experiment,experiment/258_image.png,experiment/258_mask.png
259,experiment,experiment/259_image.png,experiment/259_mask.png
25,experiment,experiment/25_image.png,experiment/25_mask.png
260,experiment,experiment/260_image.png,experiment/260_mask.png
261,experiment,experiment/261_image.png,experiment/261_mask.png
262,experiment,experiment/262_image.png,experiment/262_mask.png
263,experiment,experiment/263_image.png,experiment/263_mask.png
264,experiment,experiment/264_image.png,experiment/264_mask.png
265,experiment,experiment/265_image.png,experiment/265_mask.png
266,experiment,experiment/266_image.png,experiment/266_mask.png
267,experiment,experiment/267_image.png,experiment/267_mask.png
268,experiment,experiment/268_image.png,experiment/268_mask.png
269,experiment,experiment/269_image.png,experiment/269_mask.png
26,experiment,experiment/26_image.png,experiment/26_mask.png
270,experiment,experiment/270_image.png,experiment/270_mask.png
271,experiment,experiment/271_image.png,experiment/271_mask.png
272,experiment,experiment/272_image.png,experiment/272_mask.png
273,experiment,experiment/273_image.png,experiment/273_mask.png
274,experiment,experiment/274_image.png,experiment/274_mask.png
275,experiment,experiment/275_image.png,experiment/275_mask.png
276,experiment,experiment/276_image.png,experiment/276_mask.png
277,experiment,experiment/277_image.png,experiment/277_mask.png
278,experiment,experiment/278_image.png,experiment/278_mask.png
279,experiment,experiment/279_image.png,experiment/279_mask.png
27,experiment,experiment/27_image.png,experiment/27_mask.png
280,experiment,experiment/280_image.png,experiment/280_mask.png
281,experiment,experiment/281_image.png,experiment/281_mask.png
282,experiment,experiment/282_image.png,experiment/282_mask.png
283,experiment,experiment/283_image.png,experiment/283_mask.png
284,experiment,experiment/284_image.png,experiment/284_mask.png
285,experiment,experiment/285_image.png,experiment/285_mask.png
286,experiment,experiment/286_image.png,experiment/286_mask.png
287,experiment,experiment/287_image.png,experiment/287_mask.png
288,experiment,experiment/288_image.png,experiment/288_mask.png
289,experiment,experiment/289_image.png,experiment/289_mask.png
28,experiment,experiment/28_image.png,experiment/28_mask.png
290,experiment,experiment/290_image.png,experiment/290_mask.png
291,experiment,experiment/291_image.png,experiment/291_mask.png
292,experiment,experiment/292_image.png,experiment/292_mask.png
293,experiment,experiment/293_image.png,experiment/293_mask.png
294,experiment,experiment/294_image.png,experiment/294_mask.png
295,experiment,experiment/295_image.png,experiment/295_mask.png
296,experiment,experiment/296_image.png,experiment/296_mask.png
297,experiment,experiment/297_image.png,experiment/297_mask.png
298,experiment,experiment/298_image.png,experiment/298_mask.png
299,experiment,experiment/299_image.png,experiment/299_mask.png
29,experiment,experiment/29_image.png,experiment/29_mask.png
2,experiment,experiment/2_image.png,experiment/2_mask.png
300,experiment,experiment/300_image.png,experiment/300_mask.png
301,experiment,experiment/301_image.png,experiment/301_mask.png
302,experiment,experiment/302_image.png,experiment/302_mask.png
303,experiment,experiment/303_image.png,experiment/303_mask.png
304,experiment,experiment/304_image.png,experiment/304_mask.png
305,experiment,experiment/305_image.png,experiment/305_mask.png
306,experiment,experiment/306_image.png,experiment/306_mask.png
307,experiment,experiment/307_image.png,experiment/307_mask.png
308,experiment,experiment/308_image.png,experiment/308_mask.png
309,experiment,experiment/309_image.png,experiment/309_mask.png
30,experiment,experiment/30_image.png,experiment/30_mask.png
310,experiment,experiment/310_image.png,experiment/310_mask.png
311,experiment,experiment/311_image.png,experiment/311_mask.png
312,experiment,experiment/312_image.png,experiment/312_mask.png
313,experiment,experiment/313_image.png,experiment/313_mask.png
314,experiment,experiment/314_image.png,experiment/314_mask.png
315,experiment,experiment/315_image.png,experiment/315_mask.png
316,experiment,experiment/316_image.png,experiment/316_mask.png
317,experiment,experiment/317_image.png,experiment/317_mask.png
318,experiment,experiment/318_image.png,experiment/318_mask.png
319,experiment,experiment/319_image.png,experiment/319_mask.png
31,experiment,experiment/31_image.png,experiment/31_mask.png
320,experiment,experiment/320_image.png,experiment/320_mask.png
321,experiment,experiment/321_image.png,experiment/321_mask.png
322,experiment,experiment/322_image.png,experiment/322_mask.png
323,experiment,experiment/323_image.png,experiment/323_mask.png
324,experiment,experiment/324_image.png,experiment/324_mask.png
325,experiment,experiment/325_image.png,experiment/325_mask.png
326,experiment,experiment/326_image.png,experiment/326_mask.png
327,experiment,experiment/327_image.png,experiment/327_mask.png
328,experiment,experiment/328_image.png,experiment/328_mask.png
329,experiment,experiment/329_image.png,experiment/329_mask.png
32,experiment,experiment/32_image.png,experiment/32_mask.png
330,experiment,experiment/330_image.png,experiment/330_mask.png
331,experiment,experiment/331_image.png,experiment/331_mask.png
332,experiment,experiment/332_image.png,experiment/332_mask.png
333,experiment,experiment/333_image.png,experiment/333_mask.png
334,experiment,experiment/334_image.png,experiment/334_mask.png
335,experiment,experiment/335_image.png,experiment/335_mask.png
336,experiment,experiment/336_image.png,experiment/336_mask.png
337,experiment,experiment/337_image.png,experiment/337_mask.png
338,experiment,experiment/338_image.png,experiment/338_mask.png
339,experiment,experiment/339_image.png,experiment/339_mask.png
33,experiment,experiment/33_image.png,experiment/33_mask.png
340,experiment,experiment/340_image.png,experiment/340_mask.png
341,experiment,experiment/341_image.png,experiment/341_mask.png
342,experiment,experiment/342_image.png,experiment/342_mask.png
343,experiment,experiment/343_image.png,experiment/343_mask.png
344,experiment,experiment/344_image.png,experiment/344_mask.png
345,experiment,experiment/345_image.png,experiment/345_mask.png
346,experiment,experiment/346_image.png,experiment/346_mask.png
347,experiment,experiment/347_image.png,experiment/347_mask.png
348,experiment,experiment/348_image.png,experiment/348_mask.png
349,experiment,experiment/349_image.png,experiment/349_mask.png
34,experiment,experiment/34_image.png,experiment/34_mask.png
350,experiment,experiment/350_image.png,experiment/350_mask.png
351,experiment,experiment/351_image.png,experiment/351_mask.png
352,experiment,experiment/352_image.png,experiment/352_mask.png
353,experiment,experiment/353_image.png,experiment/353_mask.png
354,experiment,experiment/354_image.png,experiment/354_mask.png
355,experiment,experiment/355_image.png,experiment/355_mask.png
356,experiment,experiment/356_image.png,experiment/356_mask.png
357,experiment,experiment/357_image.png,experiment/357_mask.png
358,experiment,experiment/358_image.png,experiment/358_mask.png
359,experiment,experiment/359_image.png,experiment/359_mask.png
35,experiment,experiment/35_image.png,experiment/35_mask.png
360,experiment,experiment/360_image.png,experiment/360_mask.png
361,experiment,experiment/361_image.png,experiment/361_mask.png
362,experiment,experiment/362_image.png,experiment/362_mask.png
363,experiment,experiment/363_image.png,experiment/363_mask.png
364,experiment,experiment/364_image.png,experiment/364_mask.png
365,experiment,experiment/365_image.png,experiment/365_mask.png
366,experiment,experiment/366_image.png,experiment/366_mask.png
367,experiment,experiment/367_image.png,experiment/367_mask.png
368,experiment,experiment/368_image.png,experiment/368_mask.png
369,experiment,experiment/369_image.png,experiment/369_mask.png
36,experiment,experiment/36_image.png,experiment/36_mask.png
370,experiment,experiment/370_image.png,experiment/370_mask.png
371,experiment,experiment/371_image.png,experiment/371_mask.png
372,experiment,experiment/372_image.png,experiment/372_mask.png
373,experiment,experiment/373_image.png,experiment/373_mask.png
374,experiment,experiment/374_image.png,experiment/374_mask.png
375,experiment,experiment/375_image.png,experiment/375_mask.png
376,experiment,experiment/376_image.png,experiment/376_mask.png
377,experiment,experiment/377_image.png,experiment/377_mask.png
378,experiment,experiment/378_image.png,experiment/378_mask.png
379,experiment,experiment/379_image.png,experiment/379_mask.png
37,experiment,experiment/37_image.png,experiment/37_mask.png
380,experiment,experiment/380_image.png,experiment/380_mask.png
381,experiment,experiment/381_image.png,experiment/381_mask.png
382,experiment,experiment/382_image.png,experiment/382_mask.png
383,experiment,experiment/383_image.png,experiment/383_mask.png
384,experiment,experiment/384_image.png,experiment/384_mask.png
385,experiment,experiment/385_image.png,experiment/385_mask.png
386,experiment,experiment/386_image.png,experiment/386_mask.png
387,experiment,experiment/387_image.png,experiment/387_mask.png
388,experiment,experiment/388_image.png,experiment/388_mask.png
389,experiment,experiment/389_image.png,experiment/389_mask.png
38,experiment,experiment/38_image.png,experiment/38_mask.png
390,experiment,experiment/390_image.png,experiment/390_mask.png
391,experiment,experiment/391_image.png,experiment/391_mask.png
392,experiment,experiment/392_image.png,experiment/392_mask.png
393,experiment,experiment/393_image.png,experiment/393_mask.png
394,experiment,experiment/394_image.png,experiment/394_mask.png
395,experiment,experiment/395_image.png,experiment/395_mask.png
396,experiment,experiment/396_image.png,experiment/396_mask.png
397,experiment,experiment/397_image.png,experiment/397_mask.png
398,experiment,experiment/398_image.png,experiment/398_mask.png
399,experiment,experiment/399_image.png,experiment/399_mask.png
39,experiment,experiment/39_image.png,experiment/39_mask.png
3,experiment,experiment/3_image.png,experiment/3_mask.png
400,experiment,experiment/400_image.png,experiment/400_mask.png
401,experiment,experiment/401_image.png,experiment/401_mask.png
402,experiment,experiment/402_image.png,experiment/402_mask.png
403,experiment,experiment/403_image.png,experiment/403_mask.png
404,experiment,experiment/404_image.png,experiment/404_mask.png
405,experiment,experiment/405_image.png,experiment/405_mask.png
406,experiment,experiment/406_image.png,experiment/406_mask.png
407,experiment,experiment/407_image.png,experiment/407_mask.png
408,experiment,experiment/408_image.png,experiment/408_mask.png
409,experiment,experiment/409_image.png,experiment/409_mask.png
40,experiment,experiment/40_image.png,experiment/40_mask.png
410,experiment,experiment/410_image.png,experiment/410_mask.png
411,experiment,experiment/411_image.png,experiment/411_mask.png
412,experiment,experiment/412_image.png,experiment/412_mask.png
413,experiment,experiment/413_image.png,experiment/413_mask.png
414,experiment,experiment/414_image.png,experiment/414_mask.png
415,experiment,experiment/415_image.png,experiment/415_mask.png
416,experiment,experiment/416_image.png,experiment/416_mask.png
417,experiment,experiment/417_image.png,experiment/417_mask.png
418,experiment,experiment/418_image.png,experiment/418_mask.png
419,experiment,experiment/419_image.png,experiment/419_mask.png
41,experiment,experiment/41_image.png,experiment/41_mask.png
420,experiment,experiment/420_image.png,experiment/420_mask.png
421,experiment,experiment/421_image.png,experiment/421_mask.png
422,experiment,experiment/422_image.png,experiment/422_mask.png
423,experiment,experiment/423_image.png,experiment/423_mask.png
424,experiment,experiment/424_image.png,experiment/424_mask.png
425,experiment,experiment/425_image.png,experiment/425_mask.png
426,experiment,experiment/426_image.png,experiment/426_mask.png
427,experiment,experiment/427_image.png,experiment/427_mask.png
428,experiment,experiment/428_image.png,experiment/428_mask.png
429,experiment,experiment/429_image.png,experiment/429_mask.png
42,experiment,experiment/42_image.png,experiment/42_mask.png
430,experiment,experiment/430_image.png,experiment/430_mask.png
431,experiment,experiment/431_image.png,experiment/431_mask.png
432,experiment,experiment/432_image.png,experiment/432_mask.png
433,experiment,experiment/433_image.png,experiment/433_mask.png
434,experiment,experiment/434_image.png,experiment/434_mask.png
435,experiment,experiment/435_image.png,experiment/435_mask.png
436,experiment,experiment/436_image.png,experiment/436_mask.png
437,experiment,experiment/437_image.png,experiment/437_mask.png
438,experiment,experiment/438_image.png,experiment/438_mask.png
439,experiment,experiment/439_image.png,experiment/439_mask.png
43,experiment,experiment/43_image.png,experiment/43_mask.png
440,experiment,experiment/440_image.png,experiment/440_mask.png
441,experiment,experiment/441_image.png,experiment/441_mask.png
442,experiment,experiment/442_image.png,experiment/442_mask.png
443,experiment,experiment/443_image.png,experiment/443_mask.png
444,experiment,experiment/444_image.png,experiment/444_mask.png
445,experiment,experiment/445_image.png,experiment/445_mask.png
446,experiment,experiment/446_image.png,experiment/446_mask.png
447,experiment,experiment/447_image.png,experiment/447_mask.png
448,experiment,experiment/448_image.png,experiment/448_mask.png
449,experiment,experiment/449_image.png,experiment/449_mask.png
44,experiment,experiment/44_image.png,experiment/44_mask.png
450,experiment,experiment/450_image.png,experiment/450_mask.png
451,experiment,experiment/451_image.png,experiment/451_mask.png
452,experiment,experiment/452_image.png,experiment/452_mask.png
453,experiment,experiment/453_image.png,experiment/453_mask.png
454,experiment,experiment/454_image.png,experiment/454_mask.png
455,experiment,experiment/455_image.png,experiment/455_mask.png
456,experiment,experiment/456_image.png,experiment/456_mask.png
457,experiment,experiment/457_image.png,experiment/457_mask.png
458,experiment,experiment/458_image.png,experiment/458_mask.png
459,experiment,experiment/459_image.png,experiment/459_mask.png
45,experiment,experiment/45_image.png,experiment/45_mask.png
460,experiment,experiment/460_image.png,experiment/460_mask.png
461,experiment,experiment/461_image.png,experiment/461_mask.png
462,experiment,experiment/462_image.png,experiment/462_mask.png
463,experiment,experiment/463_image.png,experiment/463_mask.png
464,experiment,experiment/464_image.png,experiment/464_mask.png
465,experiment,experiment/465_image.png,experiment/465_mask.png
466,experiment,experiment/466_image.png,experiment/466_mask.png
467,experiment,experiment/467_image.png,experiment/467_mask.png
468,experiment,experiment/468_image.png,experiment/468_mask.png
469,experiment,experiment/469_image.png,experiment/469_mask.png
46,experiment,experiment/46_image.png,experiment/46_mask.png
470,experiment,experiment/470_image.png,experiment/470_mask.png
471,experiment,experiment/471_image.png,experiment/471_mask.png
472,experiment,experiment/472_image.png,experiment/472_mask.png
473,experiment,experiment/473_image.png,experiment/473_mask.png
474,experiment,experiment/474_image.png,experiment/474_mask.png
475,experiment,experiment/475_image.png,experiment/475_mask.png
476,experiment,experiment/476_image.png,experiment/476_mask.png
477,experiment,experiment/477_image.png,experiment/477_mask.png
478,experiment,experiment/478_image.png,experiment/478_mask.png
479,experiment,experiment/479_image.png,experiment/479_mask.png
47,experiment,experiment/47_image.png,experiment/47_mask.png
480,experiment,experiment/480_image.png,experiment/480_mask.png
481,experiment,experiment/481_image.png,experiment/481_mask.png
482,experiment,experiment/482_image.png,experiment/482_mask.png
483,experiment,experiment/483_image.png,experiment/483_mask.png
484,experiment,experiment/484_image.png,experiment/484_mask.png
485,experiment,experiment/485_image.png,experiment/485_mask.png
486,experiment,experiment/486_image.png,experiment/486_mask.png
487,experiment,experiment/487_image.png,experiment/487_mask.png
488,experiment,experiment/488_image.png,experiment/488_mask.png
489,experiment,experiment/489_image.png,experiment/489_mask.png
48,experiment,experiment/48_image.png,experiment/48_mask.png
490,experiment,experiment/490_image.png,experiment/490_mask.png
491,experiment,experiment/491_image.png,experiment/491_mask.png
492,experiment,experiment/492_image.png,experiment/492_mask.png
493,experiment,experiment/493_image.png,experiment/493_mask.png
494,experiment,experiment/494_image.png,experiment/494_mask.png
495,experiment,experiment/495_image.png,experiment/495_mask.png
496,experiment,experiment/496_image.png,experiment/496_mask.png
497,experiment,experiment/497_image.png,experiment/497_mask.png
498,experiment,experiment/498_image.png,experiment/498_mask.png
499,experiment,experiment/499_image.png,experiment/499_mask.png
49,experiment,experiment/49_image.png,experiment/49_mask.png
4,experiment,experiment/4_image.png,experiment/4_mask.png
500,experiment,experiment/500_image.png,experiment/500_mask.png
501,experiment,experiment/501_image.png,experiment/501_mask.png
502,experiment,experiment/502_image.png,experiment/502_mask.png
503,experiment,experiment/503_image.png,experiment/503_mask.png
504,experiment,experiment/504_image.png,experiment/504_mask.png
505,experiment,experiment/505_image.png,experiment/505_mask.png
506,experiment,experiment/506_image.png,experiment/506_mask.png
507,experiment,experiment/507_image.png,experiment/507_mask.png
508,experiment,experiment/508_image.png,experiment/508_mask.png
509,experiment,experiment/509_image.png,experiment/509_mask.png
50,experiment,experiment/50_image.png,experiment/50_mask.png
510,experiment,experiment/510_image.png,experiment/510_mask.png
511,experiment,experiment/511_image.png,experiment/511_mask.png
512,experiment,experiment/512_image.png,experiment/512_mask.png
513,experiment,experiment/513_image.png,experiment/513_mask.png
514,experiment,experiment/514_image.png,experiment/514_mask.png
515,experiment,experiment/515_image.png,experiment/515_mask.png
516,experiment,experiment/516_image.png,experiment/516_mask.png
517,experiment,experiment/517_image.png,experiment/517_mask.png
518,experiment,experiment/518_image.png,experiment/518_mask.png
519,experiment,experiment/519_image.png,experiment/519_mask.png
51,experiment,experiment/51_image.png,experiment/51_mask.png
520,experiment,experiment/520_image.png,experiment/520_mask.png
521,experiment,experiment/521_image.png,experiment/521_mask.png
522,experiment,experiment/522_image.png,experiment/522_mask.png
523,experiment,experiment/523_image.png,experiment/523_mask.png
524,experiment,experiment/524_image.png,experiment/524_mask.png
525,experiment,experiment/525_image.png,experiment/525_mask.png
526,experiment,experiment/526_image.png,experiment/526_mask.png
527,experiment,experiment/527_image.png,experiment/527_mask.png
528,experiment,experiment/528_image.png,experiment/528_mask.png
529,experiment,experiment/529_image.png,experiment/529_mask.png
52,experiment,experiment/52_image.png,experiment/52_mask.png
530,experiment,experiment/530_image.png,experiment/530_mask.png
531,experiment,experiment/531_image.png,experiment/531_mask.png
532,experiment,experiment/532_image.png,experiment/532_mask.png
533,experiment,experiment/533_image.png,experiment/533_mask.png
534,experiment,experiment/534_image.png,experiment/534_mask.png
535,experiment,experiment/535_image.png,experiment/535_mask.png
536,experiment,experiment/536_image.png,experiment/536_mask.png
537,experiment,experiment/537_image.png,experiment/537_mask.png
538,experiment,experiment/538_image.png,experiment/538_mask.png
539,experiment,experiment/539_image.png,experiment/539_mask.png
53,experiment,experiment/53_image.png,experiment/53_mask.png
540,experiment,experiment/540_image.png,experiment/540_mask.png
541,experiment,experiment/541_image.png,experiment/541_mask.png
542,experiment,experiment/542_image.png,experiment/542_mask.png
543,experiment,experiment/543_image.png,experiment/543_mask.png
544,experiment,experiment/544_image.png,experiment/544_mask.png
545,experiment,experiment/545_image.png,experiment/545_mask.png
546,experiment,experiment/546_image.png,experiment/546_mask.png
547,experiment,experiment/547_image.png,experiment/547_mask.png
548,experiment,experiment/548_image.png,experiment/548_mask.png
549,experiment,experiment/549_image.png,experiment/549_mask.png
54,experiment,experiment/54_image.png,experiment/54_mask.png
550,experiment,experiment/550_image.png,experiment/550_mask.png
551,experiment,experiment/551_image.png,experiment/551_mask.png
552,experiment,experiment/552_image.png,experiment/552_mask.png
553,experiment,experiment/553_image.png,experiment/553_mask.png
554,experiment,experiment/554_image.png,experiment/554_mask.png
555,experiment,experiment/555_image.png,experiment/555_mask.png
556,experiment,experiment/556_image.png,experiment/556_mask.png
557,experiment,experiment/557_image.png,experiment/557_mask.png
558,experiment,experiment/558_image.png,experiment/558_mask.png
559,experiment,experiment/559_image.png,experiment/559_mask.png
55,experiment,experiment/55_image.png,experiment/55_mask.png
560,experiment,experiment/560_image.png,experiment/560_mask.png
561,experiment,experiment/561_image.png,experiment/561_mask.png
562,experiment,experiment/562_image.png,experiment/562_mask.png
563,experiment,experiment/563_image.png,experiment/563_mask.png
564,experiment,experiment/564_image.png,experiment/564_mask.png
565,experiment,experiment/565_image.png,experiment/565_mask.png
566,experiment,experiment/566_image.png,experiment/566_mask.png
567,experiment,experiment/567_image.png,experiment/567_mask.png
568,experiment,experiment/568_image.png,experiment/568_mask.png
569,experiment,experiment/569_image.png,experiment/569_mask.png
56,experiment,experiment/56_image.png,experiment/56_mask.png
570,experiment,experiment/570_image.png,experiment/570_mask.png
571,experiment,experiment/571_image.png,experiment/571_mask.png
572,experiment,experiment/572_image.png,experiment/572_mask.png
573,experiment,experiment/573_image.png,experiment/573_mask.png
574,experiment,experiment/574_image.png,experiment/574_mask.png
575,experiment,experiment/575_image.png,experiment/575_mask.png
576,experiment,experiment/576_image.png,experiment/576_mask.png
577,experiment,experiment/577_image.png,experiment/577_mask.png
578,experiment,experiment/578_image.png,experiment/578_mask.png
579,experiment,experiment/579_image.png,experiment/579_mask.png
57,experiment,experiment/57_image.png,experiment/57_mask.png
580,experiment,experiment/580_image.png,experiment/580_mask.png
581,experiment,experiment/581_image.png,experiment/581_mask.png
582,experiment,experiment/582_image.png,experiment/582_mask.png
583,experiment,experiment/583_image.png,experiment/583_mask.png
584,experiment,experiment/584_image.png,experiment/584_mask.png
585,experiment,experiment/585_image.png,experiment/585_mask.png
586,experiment,experiment/586_image.png,experiment/586_mask.png
587,experiment,experiment/587_image.png,experiment/587_mask.png
588,experiment,experiment/588_image.png,experiment/588_mask.png
589,experiment,experiment/589_image.png,experiment/589_mask.png
58,experiment,experiment/58_image.png,experiment/58_mask.png
590,experiment,experiment/590_image.png,experiment/590_mask.png
591,experiment,experiment/591_image.png,experiment/591_mask.png
592,experiment,experiment/592_image.png,experiment/592_mask.png
593,experiment,experiment/593_image.png,experiment/593_mask.png
594,experiment,experiment/594_image.png,experiment/594_mask.png
595,experiment,experiment/595_image.png,experiment/595_mask.png
596,experiment,experiment/596_image.png,experiment/596_mask.png
597,experiment,experiment/597_image.png,experiment/597_mask.png
598,experiment,experiment/598_image.png,experiment/598_mask.png
599,experiment,experiment/599_image.png,experiment/599_mask.png
59,experiment,experiment/59_image.png,experiment/59_mask.png
5,experiment,experiment/5_image.png,experiment/5_mask.png
600,experiment,experiment/600_image.png,experiment/600_mask.png
601,experiment,experiment/601_image.png,experiment/601_mask.png
602,experiment,experiment/602_image.png,experiment/602_mask.png
603,experiment,experiment/603_image.png,experiment/603_mask.png
604,experiment,experiment/604_image.png,experiment/604_mask.png
605,experiment,experiment/605_image.png,experiment/605_mask.png
606,experiment,experiment/606_image.png,experiment/606_mask.png
607,experiment,experiment/607_image.png,experiment/607_mask.png
608,experiment,experiment/608_image.png,experiment/608_mask.png
609,experiment,experiment/609_image.png,experiment/609_mask.png
60,experiment,experiment/60_image.png,experiment/60_mask.png
610,experiment,experiment/610_image.png,experiment/610_mask.png
611,experiment,experiment/611_image.png,experiment/611_mask.png
612,experiment,experiment/612_image.png,experiment/612_mask.png
613,experiment,experiment/613_image.png,experiment/613_mask.png
614,experiment,experiment/614_image.png,experiment/614_mask.png
615,experiment,experiment/615_image.png,experiment/615_mask.png
616,experiment,experiment/616_image.png,experiment/616_mask.png
617,experiment,experiment/617_image.png,experiment/617_mask.png
618,experiment,experiment/618_image.png,experiment/618_mask.png
619,experiment,experiment/619_image.png,experiment/619_mask.png
61,experiment,experiment/61_image.png,experiment/61_mask.png
620,experiment,experiment/620_image.png,experiment/620_mask.png
621,experiment,experiment/621_image.png,experiment/621_mask.png
622,experiment,experiment/622_image.png,experiment/622_mask.png
623,experiment,experiment/623_image.png,experiment/623_mask.png
624,experiment,experiment/624_image.png,experiment/624_mask.png
625,experiment,experiment/625_image.png,experiment/625_mask.png
626,experiment,experiment/626_image.png,experiment/626_mask.png
627,experiment,experiment/627_image.png,experiment/627_mask.png
628,experiment,experiment/628_image.png,experiment/628_mask.png
629,experiment,experiment/629_image.png,experiment/629_mask.png
62,experiment,experiment/62_image.png,experiment/62_mask.png
630,experiment,experiment/630_image.png,experiment/630_mask.png
631,experiment,experiment/631_image.png,experiment/631_mask.png
632,experiment,experiment/632_image.png,experiment/632_mask.png
633,experiment,experiment/633_image.png,experiment/633_mask.png
634,experiment,experiment/634_image.png,experiment/634_mask.png
635,experiment,experiment/635_image.png,experiment/635_mask.png
636,experiment,experiment/636_image.png,experiment/636_mask.png
637,experiment,experiment/637_image.png,experiment/637_mask.png
638,experiment,experiment/638_image.png,experiment/638_mask.png
639,experiment,experiment/639_image.png,experiment/639_mask.png
63,experiment,experiment/63_image.png,experiment/63_mask.png
640,experiment,experiment/640_image.png,experiment/640_mask.png
641,experiment,experiment/641_image.png,experiment/641_mask.png
642,experiment,experiment/642_image.png,experiment/642_mask.png
643,experiment,experiment/643_image.png,experiment/643_mask.png
644,experiment,experiment/644_image.png,experiment/644_mask.png
645,experiment,experiment/645_image.png,experiment/645_mask.png
646,experiment,experiment/646_image.png,experiment/646_mask.png
647,experiment,experiment/647_image.png,experiment/647_mask.png
648,experiment,experiment/648_image.png,experiment/648_mask.png
649,experiment,experiment/649_image.png,experiment/649_mask.png
64,experiment,experiment/64_image.png,experiment/64_mask.png
650,experiment,experiment/650_image.png,experiment/650_mask.png
651,experiment,experiment/651_image.png,experiment/651_mask.png
652,experiment,experiment/652_image.png,experiment/652_mask.png
653,experiment,experiment/653_image.png,experiment/653_mask.png
654,experiment,experiment/654_image.png,experiment/654_mask.png
655,experiment,experiment/655_image.png,experiment/655_mask.png
656,experiment,experiment/656_image.png,experiment/656_mask.png
657,experiment,experiment/657_image.png,experiment/657_mask.png
658,experiment,experiment/658_image.png,experiment/658_mask.png
659,experiment,experiment/659_image.png,experiment/659_mask.png
65,experiment,experiment/65_image.png,experiment/65_mask.png
660,experiment,experiment/660_image.png,experiment/660_mask.png
661,experiment,experiment/661_image.png,experiment/661_mask.png
662,experiment,experiment/662_image.png,experiment/662_mask.png
663,experiment,experiment/663_image.png,experiment/663_mask.png
664,experiment,experiment/664_image.png,experiment/664_mask.png
665,experiment,experiment/665_image.png,experiment/665_mask.png
666,experiment,experiment/666_image.png,experiment/666_mask.png
667,experiment,experiment/667_image.png,experiment/667_mask.png
668,experiment,experiment/668_image.png,experiment/668_mask.png
669,experiment,experiment/669_image.png,experiment/669_mask.png
66,experiment,experiment/66_image.png,experiment/66_mask.png
670,experiment,experiment/670_image.png,experiment/670_mask.png
671,experiment,experiment/671_image.png,experiment/671_mask.png
672,experiment,experiment/672_image.png,experiment/672_mask.png
673,experiment,experiment/673_image.png,experiment/673_mask.png
674,experiment,experiment/674_image.png,experiment/674_mask.png
675,experiment,experiment/675_image.png,experiment/675_mask.png
676,experiment,experiment/676_image.png,experiment/676_mask.png
677,experiment,experiment/677_image.png,experiment/677_mask.png
678,experiment,experiment/678_image.png,experiment/678_mask.png
679,experiment,experiment/679_image.png,experiment/679_mask.png
67,experiment,experiment/67_image.png,experiment/67_mask.png
680,experiment,experiment/680_image.png,experiment/680_mask.png
681,experiment,experiment/681_image.png,experiment/681_mask.png
682,experiment,experiment/682_image.png,experiment/682_mask.png
683,experiment,experiment/683_image.png,experiment/683_mask.png
684,experiment,experiment/684_image.png,experiment/684_mask.png
685,experiment,experiment/685_image.png,experiment/685_mask.png
686,experiment,experiment/686_image.png,experiment/686_mask.png
687,experiment,experiment/687_image.png,experiment/687_mask.png
688,experiment,experiment/688_image.png,experiment/688_mask.png
689,experiment,experiment/689_image.png,experiment/689_mask.png
68,experiment,experiment/68_image.png,experiment/68_mask.png
690,experiment,experiment/690_image.png,experiment/690_mask.png
691,experiment,experiment/691_image.png,experiment/691_mask.png
692,experiment,experiment/692_image.png,experiment/692_mask.png
693,experiment,experiment/693_image.png,experiment/693_mask.png
694,experiment,experiment/694_image.png,experiment/694_mask.png
695,experiment,experiment/695_image.png,experiment/695_mask.png
696,experiment,experiment/696_image.png,experiment/696_mask.png
697,experiment,experiment/697_image.png,experiment/697_mask.png
698,experiment,experiment/698_image.png,experiment/698_mask.png
699,experiment,experiment/699_image.png,experiment/699_mask.png
69,experiment,experiment/69_image.png,experiment/69_mask.png
6,experiment,experiment/6_image.png,experiment/6_mask.png
700,experiment,experiment/700_image.png,experiment/700_mask.png
701,experiment,experiment/701_image.png,experiment/701_mask.png
702,experiment,experiment/702_image.png,experiment/702_mask.png
703,experiment,experiment/703_image.png,experiment/703_mask.png
704,experiment,experiment/704_image.png,experiment/704_mask.png
705,experiment,experiment/705_image.png,experiment/705_mask.png
706,experiment,experiment/706_image.png,experiment/706_mask.png
707,experiment,experiment/707_image.png,experiment/707_mask.png
708,experiment,experiment/708_image.png,experiment/708_mask.png
709,experiment,experiment/709_image.png,experiment/709_mask.png
70,experiment,experiment/70_image.png,experiment/70_mask.png
710,experiment,experiment/710_image.png,experiment/710_mask.png
711,experiment,experiment/711_image.png,experiment/711_mask.png
712,experiment,experiment/712_image.png,experiment/712_mask.png
713,experiment,experiment/713_image.png,experiment/713_mask.png
714,experiment,experiment/714_image.png,experiment/714_mask.png
715,experiment,experiment/715_image.png,experiment/715_mask.png
716,experiment,experiment/716_image.png,experiment/716_mask.png
717,experiment,experiment/717_image.png,experiment/717_mask.png
718,experiment,experiment/718_image.png,experiment/718_mask.png
719,experiment,experiment/719_image.png,experiment/719_mask.png
71,experiment,experiment/71_image.png,experiment/71_mask.png
720,experiment,experiment/720_image.png,experiment/720_mask.png
721,experiment,experiment/721_image.png,experiment/721_mask.png
722,experiment,experiment/722_image.png,experiment/722_mask.png
723,experiment,experiment/723_image.png,experiment/723_mask.png
724,experiment,experiment/724_image.png,experiment/724_mask.png
725,experiment,experiment/725_image.png,experiment/725_mask.png
726,experiment,experiment/726_image.png,experiment/726_mask.png
727,experiment,experiment/727_image.png,experiment/727_mask.png
728,experiment,experiment/728_image.png,experiment/728_mask.png
729,experiment,experiment/729_image.png,experiment/729_mask.png
72,experiment,experiment/72_image.png,experiment/72_mask.png
730,experiment,experiment/730_image.png,experiment/730_mask.png
731,experiment,experiment/731_image.png,experiment/731_mask.png
732,experiment,experiment/732_image.png,experiment/732_mask.png
733,experiment,experiment/733_image.png,experiment/733_mask.png
734,experiment,experiment/734_image.png,experiment/734_mask.png
735,experiment,experiment/735_image.png,experiment/735_mask.png
736,experiment,experiment/736_image.png,experiment/736_mask.png
737,experiment,experiment/737_image.png,experiment/737_mask.png
738,experiment,experiment/738_image.png,experiment/738_mask.png
739,experiment,experiment/739_image.png,experiment/739_mask.png
73,experiment,experiment/73_image.png,experiment/73_mask.png
740,experiment,experiment/740_image.png,experiment/740_mask.png
741,experiment,experiment/741_image.png,experiment/741_mask.png
742,experiment,experiment/742_image.png,experiment/742_mask.png
743,experiment,experiment/743_image.png,experiment/743_mask.png
744,experiment,experiment/744_image.png,experiment/744_mask.png
745,experiment,experiment/745_image.png,experiment/745_mask.png
746,experiment,experiment/746_image.png,experiment/746_mask.png
747,experiment,experiment/747_image.png,experiment/747_mask.png
748,experiment,experiment/748_image.png,experiment/748_mask.png
749,experiment,experiment/749_image.png,experiment/749_mask.png
74,experiment,experiment/74_image.png,experiment/74_mask.png
750,experiment,experiment/750_image.png,experiment/750_mask.png
751,experiment,experiment/751_image.png,experiment/751_mask.png
752,experiment,experiment/752_image.png,experiment/752_mask.png
753,experiment,experiment/753_image.png,experiment/753_mask.png
754,experiment,experiment/754_image.png,experiment/754_mask.png
755,experiment,experiment/755_image.png,experiment/755_mask.png
756,experiment,experiment/756_image.png,experiment/756_mask.png
757,experiment,experiment/757_image.png,experiment/757_mask.png
758,experiment,experiment/758_image.png,experiment/758_mask.png
759,experiment,experiment/759_image.png,experiment/759_mask.png
75,experiment,experiment/75_image.png,experiment/75_mask.png
760,experiment,experiment/760_image.png,experiment/760_mask.png
761,experiment,experiment/761_image.png,experiment/761_mask.png
762,experiment,experiment/762_image.png,experiment/762_mask.png
763,experiment,experiment/763_image.png,experiment/763_mask.png
764,experiment,experiment/764_image.png,experiment/764_mask.png
765,experiment,experiment/765_image.png,experiment/765_mask.png
766,experiment,experiment/766_image.png,experiment/766_mask.png
767,experiment,experiment/767_image.png,experiment/767_mask.png
768,experiment,experiment/768_image.png,experiment/768_mask.png
769,experiment,experiment/769_image.png,experiment/769_mask.png
76,experiment,experiment/76_image.png,experiment/76_mask.png
770,experiment,experiment/770_image.png,experiment/770_mask.png
771,experiment,experiment/771_image.png,experiment/771_mask.png
772,experiment,experiment/772_image.png,experiment/772_mask.png
773,experiment,experiment/773_image.png,experiment/773_mask.png
774,experiment,experiment/774_image.png,experiment/774_mask.png
775,experiment,experiment/775_image.png,experiment/775_mask.png
776,experiment,experiment/776_image.png,experiment/776_mask.png
777,experiment,experiment/777_image.png,experiment/777_mask.png
778,experiment,experiment/778_image.png,experiment/778_mask.png
779,experiment,experiment/779_image.png,experiment/779_mask.png
77,experiment,experiment/77_image.png,experiment/77_mask.png
780,experiment,experiment/780_image.png,experiment/780_mask.png
781,experiment,experiment/781_image.png,experiment/781_mask.png
782,experiment,experiment/782_image.png,experiment/782_mask.png
783,experiment,experiment/783_image.png,experiment/783_mask.png
784,experiment,experiment/784_image.png,experiment/784_mask.png
785,experiment,experiment/785_image.png,experiment/785_mask.png
786,experiment,experiment/786_image.png,experiment/786_mask.png
787,experiment,experiment/787_image.png,experiment/787_mask.png
788,experiment,experiment/788_image.png,experiment/788_mask.png
789,experiment,experiment/789_image.png,experiment/789_mask.png
78,experiment,experiment/78_image.png,experiment/78_mask.png
790,experiment,experiment/790_image.png,experiment/790_mask.png
791,experiment,experiment/791_image.png,experiment/791_mask.png
792,experiment,experiment/792_image.png,experiment/792_mask.png
793,experiment,experiment/793_image.png,experiment/793_mask.png
794,experiment,experiment/794_image.png,experiment/794_mask.png
795,experiment,experiment/795_image.png,experiment/795_mask.png
796,experiment,experiment/796_image.png,experiment/796_mask.png
797,experiment,experiment/797_image.png,experiment/797_mask.png
798,experiment,experiment/798_image.png,experiment/798_mask.png
799,experiment,experiment/799_image.png,experiment/799_mask.png
79,experiment,experiment/79_image.png,experiment/79_mask.png
7,experiment,experiment/7_image.png,experiment/7_mask.png
800,experiment,experiment/800_image.png,experiment/800_mask.png
801,experiment,experiment/801_image.png,experiment/801_mask.png
802,experiment,experiment/802_image.png,experiment/802_mask.png
803,experiment,experiment/803_image.png,experiment/803_mask.png
804,experiment,experiment/804_image.png,experiment/804_mask.png
805,experiment,experiment/805_image.png,experiment/805_mask.png
806,experiment,experiment/806_image.png,experiment/806_mask.png
807,experiment,experiment/807_image.png,experiment/807_mask.png
808,experiment,experiment/808_image.png,experiment/808_mask.png
809,experiment,experiment/809_image.png,experiment/809_mask.png
80,experiment,experiment/80_image.png,experiment/80_mask.png
810,experiment,experiment/810_image.png,experiment/810_mask.png
811,experiment,experiment/811_image.png,experiment/811_mask.png
812,experiment,experiment/812_image.png,experiment/812_mask.png
813,experiment,experiment/813_image.png,experiment/813_mask.png
814,experiment,experiment/814_image.png,experiment/814_mask.png
815,experiment,experiment/815_image.png,experiment/815_mask.png
816,experiment,experiment/816_image.png,experiment/816_mask.png
817,experiment,experiment/817_image.png,experiment/817_mask.png
818,experiment,experiment/818_image.png,experiment/818_mask.png
819,experiment,experiment/819_image.png,experiment/819_mask.png
81,experiment,experiment/81_image.png,experiment/81_mask.png
820,experiment,experiment/820_image.png,experiment/820_mask.png
821,experiment,experiment/821_image.png,experiment/821_mask.png
822,experiment,experiment/822_image.png,experiment/822_mask.png
823,experiment,experiment/823_image.png,experiment/823_mask.png
824,experiment,experiment/824_image.png,experiment/824_mask.png
825,experiment,experiment/825_image.png,experiment/825_mask.png
826,experiment,experiment/826_image.png,experiment/826_mask.png
827,experiment,experiment/827_image.png,experiment/827_mask.png
828,experiment,experiment/828_image.png,experiment/828_mask.png
829,experiment,experiment/829_image.png,experiment/829_mask.png
82,experiment,experiment/82_image.png,experiment/82_mask.png
830,experiment,experiment/830_image.png,experiment/830_mask.png
831,experiment,experiment/831_image.png,experiment/831_mask.png
832,experiment,experiment/832_image.png,experiment/832_mask.png
833,experiment,experiment/833_image.png,experiment/833_mask.png
834,experiment,experiment/834_image.png,experiment/834_mask.png
835,experiment,experiment/835_image.png,experiment/835_mask.png
836,experiment,experiment/836_image.png,experiment/836_mask.png
837,experiment,experiment/837_image.png,experiment/837_mask.png
838,experiment,experiment/838_image.png,experiment/838_mask.png
839,experiment,experiment/839_image.png,experiment/839_mask.png
83,experiment,experiment/83_image.png,experiment/83_mask.png
840,experiment,experiment/840_image.png,experiment/840_mask.png
841,experiment,experiment/841_image.png,experiment/841_mask.png
842,experiment,experiment/842_image.png,experiment/842_mask.png
843,experiment,experiment/843_image.png,experiment/843_mask.png
844,experiment,experiment/844_image.png,experiment/844_mask.png
845,experiment,experiment/845_image.png,experiment/845_mask.png
846,experiment,experiment/846_image.png,experiment/846_mask.png
847,experiment,experiment/847_image.png,experiment/847_mask.png
848,experiment,experiment/848_image.png,experiment/848_mask.png
849,experiment,experiment/849_image.png,experiment/849_mask.png
84,experiment,experiment/84_image.png,experiment/84_mask.png
850,experiment,experiment/850_image.png,experiment/850_mask.png
851,experiment,experiment/851_image.png,experiment/851_mask.png
852,experiment,experiment/852_image.png,experiment/852_mask.png
853,experiment,experiment/853_image.png,experiment/853_mask.png
854,experiment,experiment/854_image.png,experiment/854_mask.png
855,experiment,experiment/855_image.png,experiment/855_mask.png
856,experiment,experiment/856_image.png,experiment/856_mask.png
857,experiment,experiment/857_image.png,experiment/857_mask.png
858,experiment,experiment/858_image.png,experiment/858_mask.png
859,experiment,experiment/859_image.png,experiment/859_mask.png
85,experiment,experiment/85_image.png,experiment/85_mask.png
860,experiment,experiment/860_image.png,experiment/860_mask.png
861,experiment,experiment/861_image.png,experiment/861_mask.png
862,experiment,experiment/862_image.png,experiment/862_mask.png
863,experiment,experiment/863_image.png,experiment/863_mask.png
864,experiment,experiment/864_image.png,experiment/864_mask.png
865,experiment,experiment/865_image.png,experiment/865_mask.png
866,experiment,experiment/866_image.png,experiment/866_mask.png
867,experiment,experiment/867_image.png,experiment/867_mask.png
868,experiment,experiment/868_image.png,experiment/868_mask.png
869,experiment,experiment/869_image.png,experiment/869_mask.png
86,experiment,experiment/86_image.png,experiment/86_mask.png
870,experiment,experiment/870_image.png,experiment/870_mask.png
871,experiment,experiment/871_image.png,experiment/871_mask.png
872,experiment,experiment/872_image.png,experiment/872_mask.png
873,experiment,experiment/873_image.png,experiment/873_mask.png
874,experiment,experiment/874_image.png,experiment/874_mask.png
875,experiment,experiment/875_image.png,experiment/875_mask.png
876,experiment,experiment/876_image.png,experiment/876_mask.png
877,experiment,experiment/877_image.png,experiment/877_mask.png
878,experiment,experiment/878_image.png,experiment/878_mask.png
879,experiment,experiment/879_image.png,experiment/879_mask.png
87,experiment,experiment/87_image.png,experiment/87_mask.png
880,experiment,experiment/880_image.png,experiment/880_mask.png
881,experiment,experiment/881_image.png,experiment/881_mask.png
882,experiment,experiment/882_image.png,experiment/882_mask.png
883,experiment,experiment/883_image.png,experiment/883_mask.png
884,experiment,experiment/884_image.png,experiment/884_mask.png
885,experiment,experiment/885_image.png,experiment/885_mask.png
886,experiment,experiment/886_image.png,experiment/886_mask.png
887,experiment,experiment/887_image.png,experiment/887_mask.png
888,experiment,experiment/888_image.png,experiment/888_mask.png
889,experiment,experiment/889_image.png,experiment/889_mask.png
88,experiment,experiment/88_image.png,experiment/88_mask.png
890,experiment,experiment/890_image.png,experiment/890_mask.png
891,experiment,experiment/891_image.png,experiment/891_mask.png
892,experiment,experiment/892_image.png,experiment/892_mask.png
893,experiment,experiment/893_image.png,experiment/893_mask.png
894,experiment,experiment/894_image.png,experiment/894_mask.png
895,experiment,experiment/895_image.png,experiment/895_mask.png
896,experiment,experiment/896_image.png,experiment/896_mask.png
897,experiment,experiment/897_image.png,experiment/897_mask.png
898,experiment,experiment/898_image.png,experiment/898_mask.png
899,experiment,experiment/899_image.png,experiment/899_mask.png
89,experiment,experiment/89_image.png,experiment/89_mask.png
8,experiment,experiment/8_image.png,experiment/8_mask.png
900,experiment,experiment/900_image.png,experiment/900_mask.png
901,experiment,experiment/901_image.png,experiment/901_mask.png
902,experiment,experiment/902_image.png,experiment/902_mask.png
903,experiment,experiment/903_image.png,experiment/903_mask.png
904,experiment,experiment/904_image.png,experiment/904_mask.png
905,experiment,experiment/905_image.png,experiment/905_mask.png
906,experiment,experiment/906_image.png,experiment/906_mask.png
907,experiment,experiment/907_image.png,experiment/907_mask.png
908,experiment,experiment/908_image.png,experiment/908_mask.png
909,experiment,experiment/909_image.png,experiment/909_mask.png
90,experiment,experiment/90_image.png,experiment/90_mask.png
910,holding,holding/holding_images/910_image.png,holding/holding_masks/910_mask.png
911,holding,holding/holding_images/911_image.png,holding/holding_masks/911_mask.png
912,holding,holding/holding_images/912_image.png,holding/holding_masks/912_mask.png
913,holding,holding/holding_images/913_image.png,holding/holding_masks/913_mask.png
914,holding,holding/holding_images/914_image.png,holding/holding_masks/914_mask.png
915,holding,holding/holding_images/915_image.png,holding/holding_masks/915_mask.png
916,holding,holding/holding_images/916_image.png,holding/holding_masks/916_mask.png
917,holding,holding/holding_images/917_image.png,holding/holding_masks/917_mask.png
918,holding,holding/holding_images/918_image.png,holding/holding_masks/918_mask.png
919,holding,holding/holding_images/919_image.png,holding/holding_masks/919_mask.png
91,holding,holding/holding_images/91_image.png,holding/holding_masks/91_mask.png
920,holding,holding/holding_images/920_image.png,holding/holding_masks/920_mask.png
921,holding,holding/holding_images/921_image.png,holding/holding_masks/921_mask.png
922,holding,holding/holding_images/922_image.png,holding/holding_masks/922_mask.png
923,holding,holding/holding_images/923_image.png,holding/holding_masks/923_mask.png
924,holding,holding/holding_images/924_image.png,holding/holding_masks/924_mask.png
925,holding,holding/holding_images/925_image.png,holding/holding_masks/925_mask.png
926,holding,holding/holding_images/926_image.png,holding/holding_masks/926_mask.png
927,holding,holding/holding_images/927_image.png,holding/holding_masks/927_mask.png
928,holding,holding/holding_images/928_image.png,holding/holding_masks/928_mask.png
929,holding,holding/holding_images/929_image.png,holding/holding_masks/929_mask.png
92,holding,holding/holding_images/92_image.png,holding/holding_masks/92_mask.png
930,holding,holding/holding_images/930_image.png,holding/holding_masks/930_mask.png
931,holding,holding/holding_images/931_image.png,holding/holding_masks/931_mask.png
932,holding,holding/holding_images/932_image.png,holding/holding_masks/932_mask.png
933,holding,holding/holding_images/933_image.png,holding/holding_masks/933_mask.png
934,holding,holding/holding_images/934_image.png,holding/holding_masks/934_mask.png
935,holding,holding/holding_images/935_image.png,holding/holding_masks/935_mask.png
936,holding,holding/holding_images/936_image.png,holding/holding_masks/936_mask.png
937,holding,holding/holding_images/937_image.png,holding/holding_masks/937_mask.png
938,holding,holding/holding_images/938_image.png,holding/holding_masks/938_mask.png
939,holding,holding/holding_images/939_image.png,holding/holding_masks/939_mask.png
93,holding,holding/holding_images/93_image.png,holding/holding_masks/93_mask.png
940,holding,holding/holding_images/940_image.png,holding/holding_masks/940_mask.png
941,holding,holding/holding_images/941_image.png,holding/holding_masks/941_mask.png
942,holding,holding/holding_images/942_image.png,holding/holding_masks/942_mask.png
943,holding,holding/holding_images/943_image.png,holding/holding_masks/943_mask.png
944,holding,holding/holding_images/944_image.png,holding/holding_masks/944_mask.png
945,holding,holding/holding_images/945_image.png,holding/holding_masks/945_mask.png
946,holding,holding/holding_images/946_image.png,holding/holding_masks/946_mask.png
947,holding,holding/holding_images/947_image.png,holding/holding_masks/947_mask.png
948,holding,holding/holding_images/948_image.png,holding/holding_masks/948_mask.png
949,holding,holding/holding_images/949_image.png,holding/holding_masks/949_mask.png
94,holding,holding/holding_images/94_image.png,holding/holding_masks/94_mask.png
950,holding,holding/holding_images/950_image.png,holding/holding_masks/950_mask.png
951,holding,holding/holding_images/951_image.png,holding/holding_masks/951_mask.png
952,holding,holding/holding_images/952_image.png,holding/holding_masks/952_mask.png
953,holding,holding/holding_images/953_image.png,holding/holding_masks/953_mask.png
954,holding,holding/holding_images/954_image.png,holding/holding_masks/954_mask.png
955,holding,holding/holding_images/955_image.png,holding/holding_masks/955_mask.png
956,holding,holding/holding_images/956_image.png,holding/holding_masks/956_mask.png
957,holding,holding/holding_images/957_image.png,holding/holding_masks/957_mask.png
958,holding,holding/holding_images/958_image.png,holding/holding_masks/958_mask.png
959,holding,holding/holding_images/959_image.png,holding/holding_masks/959_mask.png
95,holding,holding/holding_images/95_image.png,holding/holding_masks/95_mask.png
960,holding,holding/holding_images/960_image.png,holding/holding_masks/960_mask.png
961,holding,holding/holding_images/961_image.png,holding/holding_masks/961_mask.png
962,holding,holding/holding_images/962_image.png,holding/holding_masks/962_mask.png
963,holding,holding/holding_images/963_image.png,holding/holding_masks/963_mask.png
964,holding,holding/holding_images/964_image.png,holding/holding_masks/964_mask.png
965,holding,holding/holding_images/965_image.png,holding/holding_masks/965_mask.png
966,holding,holding/holding_images/966_image.png,holding/holding_masks/966_mask.png
967,holding,holding/holding_images/967_image.png,holding/holding_masks/967_mask.png
968,holding,holding/holding_images/968_image.png,holding/holding_masks/968_mask.png
969,holding,holding/holding_images/969_image.png,holding/holding_masks/969_mask.png
96,holding,holding/holding_images/96_image.png,holding/holding_masks/96_mask.png
970,holding,holding/holding_images/970_image.png,holding/holding_masks/970_mask.png
971,holding,holding/holding_images/971_image.png,holding/holding_masks/971_mask.png
972,holding,holding/holding_images/972_image.png,holding/holding_masks/972_mask.png
973,holding,holding/holding_images/973_image.png,holding/holding_masks/973_mask.png
974,holding,holding/holding_images/974_image.png,holding/holding_masks/974_mask.png
975,holding,holding/holding_images/975_image.png,holding/holding_masks/975_mask.png
976,holding,holding/holding_images/976_image.png,holding/holding_masks/976_mask.png
977,holding,holding/holding_images/977_image.png,holding/holding_masks/977_mask.png
978,holding,holding/holding_images/978_image.png,holding/holding_masks/978_mask.png
979,holding,holding/holding_images/979_image.png,holding/holding_masks/979_mask.png
97,holding,holding/holding_images/97_image.png,holding/holding_masks/97_mask.png
980,holding,holding/holding_images/980_image.png,holding/holding_masks/980_mask.png
981,holding,holding/holding_images/981_image.png,holding/holding_masks/981_mask.png
982,holding,holding/holding_images/982_image.png,holding/holding_masks/982_mask.png
983,holding,holding/holding_images/983_image.png,holding/holding_masks/983_mask.png
984,holding,holding/holding_images/984_image.png,holding/holding_masks/984_mask.png
985,holding,holding/holding_images/985_image.png,holding/holding_masks/985_mask.png
986,holding,holding/holding_images/986_image.png,holding/holding_masks/986_mask.png
987,holding,holding/holding_images/987_image.png,holding/holding_masks/987_mask.png
988,holding,holding/holding_images/988_image.png,holding/holding_masks/988_mask.png
989,holding,holding/holding_images/989_image.png,holding/holding_masks/989_mask.png
98,holding,holding/holding_images/98_image.png,holding/holding_masks/98_mask.png
990,holding,holding/holding_images/990_image.png,holding/holding_masks/990_mask.png
991,holding,holding/holding_images/991_image.png,holding/holding_masks/991_mask.png
992,holding,holding/holding_images/992_image.png,holding/holding_masks/992_mask.png
993,holding,holding/holding_images/993_image.png,holding/holding_masks/993_mask.png
994,holding,holding/holding_images/994_image.png,holding/holding_masks/994_mask.png
995,holding,holding/holding_images/995_image.png,holding/holding_masks/995_mask.png
996,holding,holding/holding_images/996_image.png,holding/holding_masks/996_mask.png
997,holding,holding/holding_images/997_image.png,holding/holding_masks/997_mask.png
998,holding,holding/holding_images/998_image.png,holding/holding_masks/998_mask.png
999,holding,holding/holding_images/999_image.png,holding/holding_masks/999_mask.png
99,holding,holding/holding_images/99_image.png,holding/holding_masks/99_mask.png
9,holding,holding/holding_images/9_image.png,holding/holding_masks/9_mask.png
